{"dataset": "CelebDF", "part": "YouTube-real", "checkpoint_file": "resnet18_all_seg_count-16_init-imagenet-ortho_optim-SGD_lr-0.001_sched-CosineAnnealingLR_bs-128_checkpoint.pth.tar", "acc": 80.66666666666667, "loss": 0.5247269371151924, "exceptions": [], "outputs": {"00000.mp4": {"label": 0, "prob": 0.012251720763742924}, "00001.mp4": {"label": 0, "prob": 0.4425336420536041}, "00002.mp4": {"label": 0, "prob": 0.7430103421211243}, "00003.mp4": {"label": 0, "prob": 0.0027183867059648037}, "00004.mp4": {"label": 0, "prob": 0.013485506176948547}, "00005.mp4": {"label": 0, "prob": 0.002971159527078271}, "00006.mp4": {"label": 0, "prob": 0.0010735599789768457}, "00007.mp4": {"label": 0, "prob": 0.015608170069754124}, "00008.mp4": {"label": 0, "prob": 0.5644280314445496}, "00009.mp4": {"label": 0, "prob": 0.0007153124897740781}, "00010.mp4": {"label": 0, "prob": 0.6997403502464294}, "00011.mp4": {"label": 0, "prob": 0.6861042976379395}, "00012.mp4": {"label": 0, "prob": 0.2333228439092636}, "00013.mp4": {"label": 0, "prob": 0.02500917762517929}, "00014.mp4": {"label": 0, "prob": 0.008929388597607613}, "00015.mp4": {"label": 0, "prob": 0.2510882318019867}, "00016.mp4": {"label": 0, "prob": 0.0704968050122261}, "00017.mp4": {"label": 0, "prob": 0.006883881986141205}, "00018.mp4": {"label": 0, "prob": 0.2451244443655014}, "00019.mp4": {"label": 0, "prob": 0.02913820743560791}, "00020.mp4": {"label": 0, "prob": 0.00017597278929315507}, "00021.mp4": {"label": 0, "prob": 0.025535332038998604}, "00022.mp4": {"label": 0, "prob": 0.019496995955705643}, "00023.mp4": {"label": 0, "prob": 0.035320479422807693}, "00024.mp4": {"label": 0, "prob": 0.0017511699115857482}, "00025.mp4": {"label": 0, "prob": 0.8725966215133667}, "00026.mp4": {"label": 0, "prob": 0.0019763102754950523}, "00027.mp4": {"label": 0, "prob": 0.013651004061102867}, "00028.mp4": {"label": 0, "prob": 0.0068838451988995075}, "00029.mp4": {"label": 0, "prob": 0.01792369782924652}, "00030.mp4": {"label": 0, "prob": 0.00016557806520722806}, "00031.mp4": {"label": 0, "prob": 0.0009413716616109014}, "00032.mp4": {"label": 0, "prob": 0.0516180545091629}, "00033.mp4": {"label": 0, "prob": 0.9862746596336365}, "00034.mp4": {"label": 0, "prob": 0.9273382425308228}, "00035.mp4": {"label": 0, "prob": 0.029087679460644722}, "00036.mp4": {"label": 0, "prob": 0.01917329430580139}, "00037.mp4": {"label": 0, "prob": 0.14799544215202332}, "00038.mp4": {"label": 0, "prob": 0.014591565355658531}, "00039.mp4": {"label": 0, "prob": 0.9650340676307678}, "00040.mp4": {"label": 0, "prob": 0.3009728491306305}, "00041.mp4": {"label": 0, "prob": 0.0004773708351422101}, "00042.mp4": {"label": 0, "prob": 0.04554971307516098}, "00043.mp4": {"label": 0, "prob": 0.00033529510255903006}, "00044.mp4": {"label": 0, "prob": 0.028536904603242874}, "00045.mp4": {"label": 0, "prob": 0.0022379839792847633}, "00046.mp4": {"label": 0, "prob": 0.2814162075519562}, "00047.mp4": {"label": 0, "prob": 0.24188528954982758}, "00048.mp4": {"label": 0, "prob": 0.9970741271972656}, "00049.mp4": {"label": 0, "prob": 0.13974840939044952}, "00050.mp4": {"label": 0, "prob": 3.896970156347379e-05}, "00051.mp4": {"label": 0, "prob": 0.1580977886915207}, "00052.mp4": {"label": 0, "prob": 0.005995167884975672}, "00053.mp4": {"label": 0, "prob": 0.36449453234672546}, "00054.mp4": {"label": 0, "prob": 0.05532544106245041}, "00055.mp4": {"label": 0, "prob": 0.025823036208748817}, "00056.mp4": {"label": 0, "prob": 0.005850775633007288}, "00057.mp4": {"label": 0, "prob": 0.001281053526327014}, "00058.mp4": {"label": 0, "prob": 0.5979610681533813}, "00059.mp4": {"label": 0, "prob": 0.005282317753881216}, "00060.mp4": {"label": 0, "prob": 0.13253937661647797}, "00061.mp4": {"label": 0, "prob": 0.004406871274113655}, "00062.mp4": {"label": 0, "prob": 0.021815281361341476}, "00063.mp4": {"label": 0, "prob": 0.8645241856575012}, "00064.mp4": {"label": 0, "prob": 0.023470371961593628}, "00065.mp4": {"label": 0, "prob": 0.8547136783599854}, "00066.mp4": {"label": 0, "prob": 0.19045408070087433}, "00067.mp4": {"label": 0, "prob": 0.0153816482052207}, "00068.mp4": {"label": 0, "prob": 0.0031042899936437607}, "00069.mp4": {"label": 0, "prob": 0.02049935981631279}, "00070.mp4": {"label": 0, "prob": 0.1374940723180771}, "00071.mp4": {"label": 0, "prob": 0.9715617299079895}, "00072.mp4": {"label": 0, "prob": 0.106112040579319}, "00073.mp4": {"label": 0, "prob": 0.9819762706756592}, "00074.mp4": {"label": 0, "prob": 0.18054035305976868}, "00075.mp4": {"label": 0, "prob": 0.09840935468673706}, "00076.mp4": {"label": 0, "prob": 0.004466102458536625}, "00077.mp4": {"label": 0, "prob": 0.13519737124443054}, "00078.mp4": {"label": 0, "prob": 0.49591344594955444}, "00079.mp4": {"label": 0, "prob": 0.007293930277228355}, "00080.mp4": {"label": 0, "prob": 0.05479435250163078}, "00081.mp4": {"label": 0, "prob": 0.0009336380171589553}, "00082.mp4": {"label": 0, "prob": 0.0691981390118599}, "00083.mp4": {"label": 0, "prob": 0.010288829915225506}, "00084.mp4": {"label": 0, "prob": 0.9373459815979004}, "00085.mp4": {"label": 0, "prob": 0.03543795645236969}, "00086.mp4": {"label": 0, "prob": 1.5641355275874957e-05}, "00087.mp4": {"label": 0, "prob": 0.2691344618797302}, "00088.mp4": {"label": 0, "prob": 0.014725327491760254}, "00089.mp4": {"label": 0, "prob": 0.012217819690704346}, "00090.mp4": {"label": 0, "prob": 0.705584704875946}, "00091.mp4": {"label": 0, "prob": 0.0016507814871147275}, "00092.mp4": {"label": 0, "prob": 0.342815637588501}, "00093.mp4": {"label": 0, "prob": 0.15642234683036804}, "00094.mp4": {"label": 0, "prob": 0.003633736399933696}, "00095.mp4": {"label": 0, "prob": 0.0639984980225563}, "00096.mp4": {"label": 0, "prob": 0.0017739951144903898}, "00097.mp4": {"label": 0, "prob": 0.0006696321070194244}, "00098.mp4": {"label": 0, "prob": 0.009087772108614445}, "00099.mp4": {"label": 0, "prob": 0.01172113511711359}, "00100.mp4": {"label": 0, "prob": 0.0004846305528189987}, "00101.mp4": {"label": 0, "prob": 0.6718255877494812}, "00102.mp4": {"label": 0, "prob": 0.004221096634864807}, "00103.mp4": {"label": 0, "prob": 0.09808114916086197}, "00104.mp4": {"label": 0, "prob": 0.0028074125293642282}, "00105.mp4": {"label": 0, "prob": 0.2960466146469116}, "00106.mp4": {"label": 0, "prob": 0.01163542177528143}, "00107.mp4": {"label": 0, "prob": 0.002581225708127022}, "00108.mp4": {"label": 0, "prob": 0.06361109763383865}, "00109.mp4": {"label": 0, "prob": 0.5355760455131531}, "00110.mp4": {"label": 0, "prob": 0.011531203985214233}, "00111.mp4": {"label": 0, "prob": 0.03409292548894882}, "00112.mp4": {"label": 0, "prob": 0.25296545028686523}, "00113.mp4": {"label": 0, "prob": 0.030856139957904816}, "00114.mp4": {"label": 0, "prob": 0.006837735418230295}, "00115.mp4": {"label": 0, "prob": 0.16044363379478455}, "00116.mp4": {"label": 0, "prob": 0.008162716403603554}, "00117.mp4": {"label": 0, "prob": 0.0012026099720969796}, "00118.mp4": {"label": 0, "prob": 0.6087175607681274}, "00119.mp4": {"label": 0, "prob": 0.5540419816970825}, "00120.mp4": {"label": 0, "prob": 0.005140293855220079}, "00121.mp4": {"label": 0, "prob": 0.257976233959198}, "00122.mp4": {"label": 0, "prob": 0.0019254733342677355}, "00123.mp4": {"label": 0, "prob": 0.05265183746814728}, "00124.mp4": {"label": 0, "prob": 0.03363294154405594}, "00125.mp4": {"label": 0, "prob": 0.008370972238481045}, "00126.mp4": {"label": 0, "prob": 0.0009199831401929259}, "00127.mp4": {"label": 0, "prob": 0.0012058565625920892}, "00128.mp4": {"label": 0, "prob": 3.296748400316574e-05}, "00129.mp4": {"label": 0, "prob": 0.00026341559714637697}, "00130.mp4": {"label": 0, "prob": 0.7082025408744812}, "00131.mp4": {"label": 0, "prob": 0.714002788066864}, "00132.mp4": {"label": 0, "prob": 0.1300778090953827}, "00133.mp4": {"label": 0, "prob": 0.01757880300283432}, "00134.mp4": {"label": 0, "prob": 0.8903173804283142}, "00135.mp4": {"label": 0, "prob": 0.9092161059379578}, "00136.mp4": {"label": 0, "prob": 0.003545591840520501},