{"acc": 82.85714285714286, "loss": 0.8539632618427276, "dataset": "FaceForensics"}