{"acc": 98.06949806949807, "loss": 0.061893011382187654, "dataset": "CelebDF"}